Okay	Magixx
Skeleton X Holy Ghost	Xtofa
Gut Genug	KITSCHKRIEG
STARLIFE	Victony
Blue Devils	Trap Dickey
Blame U	Odeal
BLOOD ON THE DANCE FLOOR	ODUMODUBLVCK
How It Feels	Mannywellz
The Weekend	Stormzy
INTOXYCATED	Oxlade
City On Fire	Wale
HOTEL LOBBY	ODUMODUBLVCK
Nyege Lewa	BackRoad Gee
revelations	Minz
One Thing	Davido
LEGOLAS	ODUMODUBLVCK
PICANTO	ODUMODUBLVCK
WAIST	Omah Lay
The Key	Tems
Must Be	Rockie Fresh
Hide & Seek	Stormzy
Glory	Victony
I'm Not Sure	Tems
Yawa	Kwesi Arthur
Raindance	Dave
Call Me Every Day	Chris Brown
Piece of My Heart	Wizkid
Last Heartbreak Song	Ayra Starr
Money & Love	Wizkid
Prettier	JAY1
Vibrations	Show Dem Camp
Free Fall	Tems
Baby	Rema
temptations	Omah Lay
Me and You	Praiz
Propeller	JAE5
Bad Vibes	Seyi Vibez
Somebody Baby	Davido
Overloading	Mavins
Baby Riddim	FAVE
I Got You	Drew Meadows
Not So Bad	Rae Sremmurd
Forgot About Me	Sleepy Hallow
2 Sugar	Wizkid
Bad Vibes	Ayra Starr
Bus Stop	TAR1Q
Jowo	Davido
People	Libianca
Talibans	Capella Grey
Beauty In The Madness	Rexx Life Raj
Play for keeps	Runzo
Famomi	Falz
Real Life	Burna Boy
Hot Body	Ayra Starr
Faded	Sleepy Hallow
Ogogoro	Dreamville
Ornathy's Prayer	Ornathy
With You	Davido
Laho	Shallipopi
3TOTO	KOKO PEE
Ecstasy (Remix)	Normani
Gimme Dat	Ayra Starr
Okay	Adekunle Gold
One Call Away	Fridayy
Is It The Way	Saweetie
Easy (Remix)	DaniLeigh
MUTT	Leon Thomas
My Slime	Chris Brown
I LUV HER	GloRilla
West Coast Weekend	Tyga
How You Want It?	Teyana Taylor
Make Room	DeJ Loaf
Baddest In The Room	Fridayy
Last Night	Sebastian Mikael
Murdergram Deux	LL COOL J
RNP	Cordae
Drink Don't Need No Mix	Shaboozey
About You	Blxst
Understand	Dj Boat
FEEL	Davido
Life Of The Party	Kanye West
SHABBA MADDA POT X LIBERIAN GIRL	DjEmz
Can't Believe It	T-Pain
All Night Long	Faith Evans
Close To You	Dreezy
Best Thing	Inayah
Mr Pot Scraper	BossMan Dlow
MILLION DOLLAR BABY	Tommy Richman
DEVIL IS A LIE	Tommy Richman
I Hate U	SZA
Not Like Us	Kendrick Lamar
nwayi	CKay
Terminator	King Promise
Often	Rick Ross
Streets	Doja Cat
Ghetto Cinderella	Blxst
Couldn't Wait For It	Blxst
Talibans II	Burna Boy
Change	BTS
Good Vibes (ZA)	Wale
Put a Date On It	Yo Gotti
Can't Knock the Hustle	Vedo
Beatbox 2	SPOTEMGOTTEM
Not Gon' Do	Andy Mineo
He Kept Me	Lamont Sanders
I Ain't Worried	OneRepublic
Endlessly	Alina Baraz
Boogie Oogie Oogie	A Taste Of Honey
Holy F4k	Smallgod
Soja	Black Sherif
5 Star	Adekunle Gold
Calm Down	Rema
N'y pense plus	Tayc
I Do	Rotimi
You Got It	Vedo
Diana	Fireboy DML
I Be Puttin' On	Wale
Nasty Nasty	Boosie Badazz
Under The Influence	Chris Brown
Tru Shit	Jacob Latimore
Sorry	Rick Ross
And the Beat Goes On	Party All Night
City of Gods	Fivio Foreign
She's A Bad Mama Jama	Carl Carlton
Best of Me	Anthony Hamilton
4 Ever	Lil' Mo
Only You	112
Get Down On It	Kool & The Gang
Maserati Remix	Olakira
Blessed	Wizkid
Big Thug Boys	Babyboy AV
Cold Outside	Timaya
History	Fireboy DML
Bloody Samaritan	Ayra Starr
Hustle	Reminisce
Mad Over You	Runtown
Nowo	Spinall
Blessings on Me	Reekado Banks
Running	LADIPOE
Always	Darkoo
Feeling	Ladipoe
Get Back	Mario
Sunshine (The Light)	Fat Joe
Sip (Alcohol)	Joeboy
Forever (Remix)	Gyakie
Jaho	Kizz Daniel
Mood	Wizkid
Wiggle	Rick Ross
Little Havana	Rick Ross
Cash App	Bella Shmurda
FEM	Davido
Fine Wine & Hennessy	Afro B
Jerusalema	Master KG
On the Low	Burna Boy
Soco	Starboy
Ginger	Wizkid
Fall	Davido
Fever	Wizkid
Sweet One	Wizkid
Pana	Tekno
Joro	Wizkid
Infinity	Olamide
Risky	Davido
If	Davido
In My Bed	Rotimi
Sempe	L.A.X
Have Mercy	Chlöe
The Feels	TWICE
Levitating	Dua Lipa
Kiss Me More	Doja Cat
Outside (Better Days)	MO3
Wild Side	Normani
love nwantiti	CKay
Nickel Rock	Rick Ross
Touch'N You	Rick Ross
Rich Off Cocaine	Rick Ross
Play Your Part	Wale
Ghostwriter	Rick Ross
City Girls	Young Thug
If I Ever Fall In Love	Shai
Love Makes Things Happen	Pebbles
Heaven or Hell	Don Mega
Respect the Game	Meek Mill
Cold Summer	Fabolous
Thug Cry	Rick Ross
Life Is Good	Future
March Madness	Future
1942 Flows	Meek Mill
Me Vs Me	Moneybagg Yo
Back in Blood	Pooh Shiesty
On Me	Lil Baby
Double Up	Nipsey Hussle
Maybach	42 Dugg
Track Star (Remix 2.0)	Mooski
Walk Em Down	NLE Choppa
Whats Poppin	Jack Harlow
From Time	Drake
Money Dance	Rick Ross
Easter In Miami	Kodak Black
Wockesha	Moneybagg Yo
Mafia Music	Rick Ross
Hug the Streets	OBAS
Hug the Streets Remix	OBAS
Letter to My Daughter	NLE Choppa
While We're Young	Jhené Aiko
Go Crazy	Chris Brown
Hustler Musik	Lil Wayne
What It Feels Like	Nipsey Hussle
Dangerous	Meek Mill
Blue Notes	Meek Mill
The Bloom (AG3)	Wale
Lemon Pepper Freestyle	Drake
Choosy	Fabolous
Chicago Freestyle	Drake
Juice	YCEE
Dimension	JAE5
Flawed	Wale
High Fashion	Roddy Ricch
Woah	Lil Baby
Melanin	Sauti Sol
No Guidance	Chris Brown
I Still Pray	Rick Ross
Love Riddim	Rotimi
I Smile	Kirk Franklin
Into You	Ariana Grande
Side To Side	Ariana Grande
I'm The Man	50 Cent
Treasure	Bruno Mars
